{
	"09_attack": 1.399999976158142,
	"09_attack_skipQuest": 0.8333333134651184,
	"09_damage": 0.5,
	"09_die": 1.399999976158142,
	"09_idle": 1.1666666269302368,
	"09_joy_long": 2.5999999046325684,
	"09_joy_long_return": 0.5,
	"09_joy_short": 1.3333333730697632,
	"09_joy_short_return": 0.5,
	"09_landing": 0.5333333611488342,
	"09_multi_idle_noWeapon": 1.1666666269302368,
	"09_multi_idle_standBy": 1.1666666269302368,
	"09_multi_standBy": 1.7999999523162842,
	"09_run": 0.6000000238418579,
	"09_run_gamestart": 0.6000000238418579,
	"09_standBy": 1.2999999523162842,
	"09_walk": 0.800000011920929,
	"100101_joyResult": 2.6666667461395264,
	"100101_skill0": 4.366666793823242,
	"100101_skill1": 2,
	"100101_skill2": 1.8333333730697632,
	"08_attack": 1.5,
	"08_attack_skipQuest": 0.8333333134651184,
	"08_damage": 0.5,
	"08_die": 1.399999976158142,
	"08_idle": 1.1666666269302368,
	"08_joy_long": 2.9666666984558105,
	"08_joy_long_return": 0.5,
	"08_joy_short": 1.3333333730697632,
	"08_joy_short_return": 0.6666666865348816,
	"08_landing": 0.5333333611488342,
	"08_multi_idle_noWeapon": 1.1666666269302368,
	"08_multi_idle_standBy": 1.1666666269302368,
	"08_multi_standBy": 1.6666666269302368,
	"08_run": 0.6000000238418579,
	"08_run_gamestart": 0.6000000238418579,
	"08_standBy": 1.3333333730697632,
	"08_walk": 0.800000011920929,
	"100201_joyResult": 2.6666667461395264,
	"100201_skill0": 4.066666603088379,
	"100201_skill1": 2,
	"100201_skill2": 2.133333444595337,
	"07_attack": 1.399999976158142,
	"07_attack_skipQuest": 0.8333333134651184,
	"07_damage": 0.5,
	"07_die": 1.399999976158142,
	"07_idle": 1.1666666269302368,
	"07_joy_long": 2.5999999046325684,
	"07_joy_long_return": 0.5,
	"07_joy_short": 1.3333333730697632,
	"07_joy_short_return": 0.5,
	"07_landing": 0.5333333611488342,
	"07_multi_idle_noWeapon": 1.1666666269302368,
	"07_multi_idle_standBy": 1.1666666269302368,
	"07_multi_standBy": 1.7999999523162842,
	"07_run": 0.6000000238418579,
	"07_run_gamestart": 0.6000000238418579,
	"07_standBy": 1.2999999523162842,
	"07_walk": 0.800000011920929,
	"100301_joyResult": 2.6666667461395264,
	"100301_skill0": 4.566666603088379,
	"100301_skill1": 2.1666667461395264,
	"100301_skill2": 0.36666667461395264,
	"100301_skill2_1": 1,
	"100301_skill2_2": 1.2000000476837158,
	"100301_skill2_3": 0.23333333432674408,
	"06_attack": 1.1666666269302368,
	"06_attack_skipQuest": 0.8333333134651184,
	"06_damage": 0.5,
	"06_die": 1.399999976158142,
	"06_idle": 1.1666666269302368,
	"06_joy_long": 2.5999999046325684,
	"06_joy_long_return": 0.5,
	"06_joy_short": 1.3333333730697632,
	"06_joy_short_return": 0.5,
	"06_landing": 0.5333333611488342,
	"06_multi_idle_noWeapon": 1.1666666269302368,
	"06_multi_idle_standBy": 1.1666666269302368,
	"06_multi_standBy": 1.6666666269302368,
	"06_run": 0.6000000238418579,
	"06_run_gamestart": 0.6000000238418579,
	"06_standBy": 1.0333333015441895,
	"06_walk": 0.800000011920929,
	"100401_joyResult": 2.6666667461395264,
	"100401_skill0": 4.300000190734863,
	"100401_skill1": 1.7000000476837158,
	"100401_skill2": 2.066666603088379,
	"05_attack": 1.1333333253860474,
	"05_attack_skipQuest": 0.8333333134651184,
	"05_damage": 0.5,
	"05_die": 1.399999976158142,
	"05_idle": 1.3333333730697632,
	"05_joy_long": 3.066666603088379,
	"05_joy_long_return": 0.5,
	"05_joy_short": 1.3333333730697632,
	"05_joy_short_return": 0.5,
	"05_landing": 0.5333333611488342,
	"05_multi_idle_noWeapon": 1.3333333730697632,
	"05_multi_idle_standBy": 1.1666666269302368,
	"05_multi_standBy": 1.6666666269302368,
	"05_run": 0.6000000238418579,
	"05_run_gamestart": 0.6000000238418579,
	"05_standBy": 1.6666666269302368,
	"05_walk": 0.800000011920929,
	"100601_joyResult": 2.6666667461395264,
	"100601_skill0": 4.266666889190674,
	"100601_skill1": 2.066666603088379,
	"100601_skill2": 2,
	"04_attack": 1.1666666269302368,
	"04_attack_skipQuest": 0.8333333134651184,
	"04_damage": 0.7666666507720947,
	"04_die": 1.399999976158142,
	"04_idle": 1.1666666269302368,
	"04_joy_long": 2.566666603088379,
	"04_joy_long_return": 0.5,
	"04_joy_short": 1.3333333730697632,
	"04_joy_short_return": 0.6666666865348816,
	"04_landing": 0.5333333611488342,
	"04_multi_idle_noWeapon": 1.1666666269302368,
	"04_multi_idle_standBy": 1.1666666269302368,
	"04_multi_standBy": 1.6666666269302368,
	"04_run": 0.6000000238418579,
	"04_run_gamestart": 0.6000000238418579,
	"04_standBy": 1.7666666507720947,
	"04_walk": 0.800000011920929,
	"100701_joyResult": 2.6666667461395264,
	"100701_skill0": 6.5,
	"100701_skill1": 0.8333333134651184,
	"100701_skill2": 3.133333444595337,
	"100701_skill1_1": 1,
	"100701_skill1_2": 2.2333333492279053,
	"03_attack": 1.5333333015441895,
	"03_attack_skipQuest": 0.8333333134651184,
	"03_damage": 0.5,
	"03_die": 1.399999976158142,
	"03_idle": 1.3333333730697632,
	"03_joy_long": 2.5999999046325684,
	"03_joy_long_return": 0.5,
	"03_joy_short": 1.3333333730697632,
	"03_joy_short_return": 0.5,
	"03_landing": 0.5333333611488342,
	"03_multi_idle_noWeapon": 1.1666666269302368,
	"03_multi_idle_standBy": 1.100000023841858,
	"03_multi_standBy": 1.6666666269302368,
	"03_run": 0.6000000238418579,
	"03_run_gamestart": 0.6000000238418579,
	"03_standBy": 1.6666666269302368,
	"03_walk": 0.800000011920929,
	"100801_joyResult": 2.6666667461395264,
	"100801_skill0": 3.8333332538604736,
	"100801_skill1": 1.6666666269302368,
	"100801_skill2": 2,
	"02_attack": 1.0666667222976685,
	"02_attack_skipQuest": 0.8333333134651184,
	"02_damage": 0.5,
	"02_die": 1.399999976158142,
	"02_idle": 1.1333333253860474,
	"02_joy_long": 2.5999999046325684,
	"02_joy_long_return": 0.5,
	"02_joy_short": 1.3333333730697632,
	"02_joy_short_return": 0.5,
	"02_landing": 0.5333333611488342,
	"02_multi_idle_noWeapon": 1.1666666269302368,
	"02_multi_idle_standBy": 1.1666666269302368,
	"02_multi_standBy": 1.6333333253860474,
	"02_run": 0.6000000238418579,
	"02_run_gamestart": 0.6000000238418579,
	"02_standBy": 1.3333333730697632,
	"02_walk": 0.800000011920929,
	"100901_joyResult": 2.6666667461395264,
	"100901_skill0": 5.133333206176758,
	"100901_skill1": 1.399999976158142,
	"100901_skill2": 3.566666603088379,
	"01_attack": 1.0333333015441895,
	"01_attack_skipQuest": 0.8333333134651184,
	"01_damage": 0.5,
	"01_die": 1.399999976158142,
	"01_idle": 0.8333333134651184,
	"01_joy_long": 2.5999999046325684,
	"01_joy_long_return": 0.5,
	"01_joy_short": 1.3333333730697632,
	"01_joy_short_return": 0.5,
	"01_landing": 0.5333333611488342,
	"01_multi_idle_noWeapon": 1.1666666269302368,
	"01_multi_idle_standBy": 0.8666666746139526,
	"01_multi_standBy": 1.6333333253860474,
	"01_run": 0.6000000238418579,
	"01_run_gamestart": 1.2000000476837158,
	"01_standBy": 1.2333333492279053,
	"01_walk": 0.800000011920929,
	"101001_joyResult": 2.6666667461395264,
	"101001_skill0": 3.2333333492279053,
	"101001_skill1": 2.066666603088379,
	"101001_skill2": 1.4666666984558105,
	"101101_joyResult": 2.6666667461395264,
	"101101_skill0": 3.5,
	"101101_skill1": 2.3333332538604736,
	"101101_skill2": 1.899999976158142,
	"101201_joyResult": 2.6666667461395264,
	"101201_skill0": 4.766666889190674,
	"101201_skill1": 2,
	"101201_skill2": 2,
	"101501_joyResult": 2.6666667461395264,
	"101501_skill0": 5.833333492279053,
	"101501_skill1": 2.4666666984558105,
	"101501_skill2": 2,
	"101601_joyResult": 2.6666667461395264,
	"101601_skill0": 2.9666666984558105,
	"101601_skill1": 3.366666555404663,
	"101601_skill2": 2,
	"101701_joyResult": 2.6666667461395264,
	"101701_skill0": 4.0333333015441895,
	"101701_skill1": 2,
	"101701_skill2": 2,
	"101801_joyResult": 2.6666667461395264,
	"101801_skill0": 4.5333333015441895,
	"101801_skill1": 1.9333332777023315,
	"101801_skill2": 2.2666666507720947,
	"102001_joyResult": 2.6666667461395264,
	"102001_skill0": 3.2333333492279053,
	"102001_skill1": 2.4000000953674316,
	"102001_skill2": 2.8333332538604736,
	"102001_skill0_1": 0.6000000238418579,
	"102001_skill0_2": 0.7333333492279053,
	"102001_skill0_3": 0.6000000238418579,
	"102001_skill0_4": 0.5666666626930237,